sepal length (cm),sepal width (cm),petal length (cm),petal width (cm),species,sepal_area,petal_area,sepal_to_petal_length_ratio,petal_length_bin
5.1,3.5,1.4,0.2,setosa,17.849999999999998,0.27999999999999997,3.642857142857143,short
4.9,3.0,1.4,0.2,setosa,14.700000000000001,0.27999999999999997,3.5000000000000004,short
4.7,3.2,1.3,0.2,setosa,15.040000000000001,0.26,3.6153846153846154,short
4.6,3.1,1.5,0.2,setosa,14.26,0.30000000000000004,3.0666666666666664,short
5.0,3.6,1.4,0.2,setosa,18.0,0.27999999999999997,3.5714285714285716,short
5.4,3.9,1.7,0.4,setosa,21.060000000000002,0.68,3.1764705882352944,short
4.6,3.4,1.4,0.3,setosa,15.639999999999999,0.42,3.2857142857142856,short
5.0,3.4,1.5,0.2,setosa,17.0,0.30000000000000004,3.3333333333333335,short
4.4,2.9,1.4,0.2,setosa,12.76,0.27999999999999997,3.1428571428571432,short
4.9,3.1,1.5,0.1,setosa,15.190000000000001,0.15000000000000002,3.266666666666667,short
5.4,3.7,1.5,0.2,setosa,19.980000000000004,0.30000000000000004,3.6,short
4.8,3.4,1.6,0.2,setosa,16.32,0.32000000000000006,2.9999999999999996,short
4.8,3.0,1.4,0.1,setosa,14.399999999999999,0.13999999999999999,3.428571428571429,short
4.3,3.0,1.1,0.1,setosa,12.899999999999999,0.11000000000000001,3.9090909090909087,short
5.8,4.0,1.2,0.2,setosa,23.2,0.24,4.833333333333333,short
5.7,4.4,1.5,0.4,setosa,25.080000000000002,0.6000000000000001,3.8000000000000003,short
5.4,3.9,1.3,0.4,setosa,21.060000000000002,0.52,4.153846153846154,short
5.1,3.5,1.4,0.3,setosa,17.849999999999998,0.42,3.642857142857143,short
5.7,3.8,1.7,0.3,setosa,21.66,0.51,3.3529411764705883,short
5.1,3.8,1.5,0.3,setosa,19.38,0.44999999999999996,3.4,short
5.4,3.4,1.7,0.2,setosa,18.36,0.34,3.1764705882352944,short
5.1,3.7,1.5,0.4,setosa,18.87,0.6000000000000001,3.4,short
4.6,3.6,1.0,0.2,setosa,16.56,0.2,4.6,short
5.1,3.3,1.7,0.5,setosa,16.83,0.85,3.0,short
4.8,3.4,1.9,0.2,setosa,16.32,0.38,2.526315789473684,short
5.0,3.0,1.6,0.2,setosa,15.0,0.32000000000000006,3.125,short
5.0,3.4,1.6,0.4,setosa,17.0,0.6400000000000001,3.125,short
5.2,3.5,1.5,0.2,setosa,18.2,0.30000000000000004,3.466666666666667,short
5.2,3.4,1.4,0.2,setosa,17.68,0.27999999999999997,3.714285714285715,short
4.7,3.2,1.6,0.2,setosa,15.040000000000001,0.32000000000000006,2.9375,short
4.8,3.1,1.6,0.2,setosa,14.879999999999999,0.32000000000000006,2.9999999999999996,short
5.4,3.4,1.5,0.4,setosa,18.36,0.6000000000000001,3.6,short
5.2,4.1,1.5,0.1,setosa,21.32,0.15000000000000002,3.466666666666667,short
5.5,4.2,1.4,0.2,setosa,23.1,0.27999999999999997,3.928571428571429,short
4.9,3.1,1.5,0.2,setosa,15.190000000000001,0.30000000000000004,3.266666666666667,short
5.0,3.2,1.2,0.2,setosa,16.0,0.24,4.166666666666667,short
5.5,3.5,1.3,0.2,setosa,19.25,0.26,4.230769230769231,short
4.9,3.6,1.4,0.1,setosa,17.64,0.13999999999999999,3.5000000000000004,short
4.4,3.0,1.3,0.2,setosa,13.200000000000001,0.26,3.3846153846153846,short
5.1,3.4,1.5,0.2,setosa,17.34,0.30000000000000004,3.4,short
5.0,3.5,1.3,0.3,setosa,17.5,0.39,3.846153846153846,short
4.5,2.3,1.3,0.3,setosa,10.35,0.39,3.4615384615384612,short
4.4,3.2,1.3,0.2,setosa,14.080000000000002,0.26,3.3846153846153846,short
5.0,3.5,1.6,0.6,setosa,17.5,0.96,3.125,short
5.1,3.8,1.9,0.4,setosa,19.38,0.76,2.6842105263157894,short
4.8,3.0,1.4,0.3,setosa,14.399999999999999,0.42,3.428571428571429,short
5.1,3.8,1.6,0.2,setosa,19.38,0.32000000000000006,3.1874999999999996,short
4.6,3.2,1.4,0.2,setosa,14.719999999999999,0.27999999999999997,3.2857142857142856,short
5.3,3.7,1.5,0.2,setosa,19.61,0.30000000000000004,3.533333333333333,short
5.0,3.3,1.4,0.2,setosa,16.5,0.27999999999999997,3.5714285714285716,short
7.0,3.2,4.7,1.4,versicolor,22.400000000000002,6.58,1.4893617021276595,long
6.4,3.2,4.5,1.5,versicolor,20.480000000000004,6.75,1.4222222222222223,medium
6.9,3.1,4.9,1.5,versicolor,21.39,7.3500000000000005,1.4081632653061225,long
5.5,2.3,4.0,1.3,versicolor,12.649999999999999,5.2,1.375,medium
6.5,2.8,4.6,1.5,versicolor,18.2,6.8999999999999995,1.4130434782608696,long
5.7,2.8,4.5,1.3,versicolor,15.959999999999999,5.8500000000000005,1.2666666666666666,medium
6.3,3.3,4.7,1.6,versicolor,20.79,7.5200000000000005,1.3404255319148934,long
4.9,2.4,3.3,1.0,versicolor,11.76,3.3,1.484848484848485,medium
6.6,2.9,4.6,1.3,versicolor,19.139999999999997,5.9799999999999995,1.434782608695652,long
5.2,2.7,3.9,1.4,versicolor,14.040000000000001,5.46,1.3333333333333335,medium
5.0,2.0,3.5,1.0,versicolor,10.0,3.5,1.4285714285714286,medium
5.9,3.0,4.2,1.5,versicolor,17.700000000000003,6.300000000000001,1.4047619047619049,medium
6.0,2.2,4.0,1.0,versicolor,13.200000000000001,4.0,1.5,medium
6.1,2.9,4.7,1.4,versicolor,17.689999999999998,6.58,1.297872340425532,long
5.6,2.9,3.6,1.3,versicolor,16.24,4.680000000000001,1.5555555555555554,medium
6.7,3.1,4.4,1.4,versicolor,20.77,6.16,1.5227272727272727,medium
5.6,3.0,4.5,1.5,versicolor,16.799999999999997,6.75,1.2444444444444445,medium
5.8,2.7,4.1,1.0,versicolor,15.66,4.1,1.4146341463414636,medium
6.2,2.2,4.5,1.5,versicolor,13.640000000000002,6.75,1.3777777777777778,medium
5.6,2.5,3.9,1.1,versicolor,14.0,4.29,1.435897435897436,medium
5.9,3.2,4.8,1.8,versicolor,18.880000000000003,8.64,1.2291666666666667,long
6.1,2.8,4.0,1.3,versicolor,17.08,5.2,1.525,medium
6.3,2.5,4.9,1.5,versicolor,15.75,7.3500000000000005,1.2857142857142856,long
6.1,2.8,4.7,1.2,versicolor,17.08,5.64,1.297872340425532,long
6.4,2.9,4.3,1.3,versicolor,18.56,5.59,1.488372093023256,medium
6.6,3.0,4.4,1.4,versicolor,19.799999999999997,6.16,1.4999999999999998,medium
6.8,2.8,4.8,1.4,versicolor,19.04,6.72,1.4166666666666667,long
6.7,3.0,5.0,1.7,versicolor,20.1,8.5,1.34,long
6.0,2.9,4.5,1.5,versicolor,17.4,6.75,1.3333333333333333,medium
5.7,2.6,3.5,1.0,versicolor,14.82,3.5,1.6285714285714286,medium
5.5,2.4,3.8,1.1,versicolor,13.2,4.18,1.4473684210526316,medium
5.5,2.4,3.7,1.0,versicolor,13.2,3.7,1.4864864864864864,medium
5.8,2.7,3.9,1.2,versicolor,15.66,4.68,1.4871794871794872,medium
6.0,2.7,5.1,1.6,versicolor,16.200000000000003,8.16,1.1764705882352942,long
5.4,3.0,4.5,1.5,versicolor,16.200000000000003,6.75,1.2000000000000002,medium
6.0,3.4,4.5,1.6,versicolor,20.4,7.2,1.3333333333333333,medium
6.7,3.1,4.7,1.5,versicolor,20.77,7.050000000000001,1.425531914893617,long
6.3,2.3,4.4,1.3,versicolor,14.489999999999998,5.720000000000001,1.4318181818181817,medium
5.6,3.0,4.1,1.3,versicolor,16.799999999999997,5.33,1.3658536585365855,medium
5.5,2.5,4.0,1.3,versicolor,13.75,5.2,1.375,medium
5.5,2.6,4.4,1.2,versicolor,14.3,5.28,1.25,medium
6.1,3.0,4.6,1.4,versicolor,18.299999999999997,6.4399999999999995,1.3260869565217392,long
5.8,2.6,4.0,1.2,versicolor,15.08,4.8,1.45,medium
5.0,2.3,3.3,1.0,versicolor,11.5,3.3,1.5151515151515151,medium
5.6,2.7,4.2,1.3,versicolor,15.12,5.460000000000001,1.3333333333333333,medium
5.7,3.0,4.2,1.2,versicolor,17.1,5.04,1.3571428571428572,medium
5.7,2.9,4.2,1.3,versicolor,16.53,5.460000000000001,1.3571428571428572,medium
6.2,2.9,4.3,1.3,versicolor,17.98,5.59,1.4418604651162792,medium
5.1,2.5,3.0,1.1,versicolor,12.75,3.3000000000000003,1.7,medium
5.7,2.8,4.1,1.3,versicolor,15.959999999999999,5.33,1.3902439024390245,medium
6.3,3.3,6.0,2.5,virginica,20.79,15.0,1.05,long
5.8,2.7,5.1,1.9,virginica,15.66,9.69,1.1372549019607843,long
7.1,3.0,5.9,2.1,virginica,21.299999999999997,12.39,1.2033898305084745,long
6.3,2.9,5.6,1.8,virginica,18.27,10.08,1.125,long
6.5,3.0,5.8,2.2,virginica,19.5,12.76,1.120689655172414,long
7.6,3.0,6.6,2.1,virginica,22.799999999999997,13.86,1.1515151515151516,long
4.9,2.5,4.5,1.7,virginica,12.25,7.6499999999999995,1.088888888888889,medium
7.3,2.9,6.3,1.8,virginica,21.169999999999998,11.34,1.1587301587301588,long
6.7,2.5,5.8,1.8,virginica,16.75,10.44,1.1551724137931034,long
7.2,3.6,6.1,2.5,virginica,25.92,15.25,1.1803278688524592,long
6.5,3.2,5.1,2.0,virginica,20.8,10.2,1.2745098039215688,long
6.4,2.7,5.3,1.9,virginica,17.28,10.069999999999999,1.207547169811321,long
6.8,3.0,5.5,2.1,virginica,20.4,11.55,1.2363636363636363,long
5.7,2.5,5.0,2.0,virginica,14.25,10.0,1.1400000000000001,long
5.8,2.8,5.1,2.4,virginica,16.24,12.239999999999998,1.1372549019607843,long
6.4,3.2,5.3,2.3,virginica,20.480000000000004,12.19,1.207547169811321,long
6.5,3.0,5.5,1.8,virginica,19.5,9.9,1.1818181818181819,long
7.7,3.8,6.7,2.2,virginica,29.259999999999998,14.740000000000002,1.1492537313432836,long
7.7,2.6,6.9,2.3,virginica,20.02,15.87,1.1159420289855073,long
6.0,2.2,5.0,1.5,virginica,13.200000000000001,7.5,1.2,long
6.9,3.2,5.7,2.3,virginica,22.080000000000002,13.11,1.2105263157894737,long
5.6,2.8,4.9,2.0,virginica,15.679999999999998,9.8,1.1428571428571428,long
7.7,2.8,6.7,2.0,virginica,21.56,13.4,1.1492537313432836,long
6.3,2.7,4.9,1.8,virginica,17.01,8.82,1.2857142857142856,long
6.7,3.3,5.7,2.1,virginica,22.11,11.97,1.1754385964912282,long
7.2,3.2,6.0,1.8,virginica,23.040000000000003,10.8,1.2,long
6.2,2.8,4.8,1.8,virginica,17.36,8.64,1.2916666666666667,long
6.1,3.0,4.9,1.8,virginica,18.299999999999997,8.82,1.2448979591836733,long
6.4,2.8,5.6,2.1,virginica,17.919999999999998,11.76,1.142857142857143,long
7.2,3.0,5.8,1.6,virginica,21.6,9.28,1.2413793103448276,long
7.4,2.8,6.1,1.9,virginica,20.72,11.589999999999998,1.213114754098361,long
7.9,3.8,6.4,2.0,virginica,30.02,12.8,1.234375,long
6.4,2.8,5.6,2.2,virginica,17.919999999999998,12.32,1.142857142857143,long
6.3,2.8,5.1,1.5,virginica,17.639999999999997,7.6499999999999995,1.2352941176470589,long
6.1,2.6,5.6,1.4,virginica,15.86,7.839999999999999,1.0892857142857142,long
7.7,3.0,6.1,2.3,virginica,23.1,14.029999999999998,1.2622950819672132,long
6.3,3.4,5.6,2.4,virginica,21.419999999999998,13.44,1.125,long
6.4,3.1,5.5,1.8,virginica,19.840000000000003,9.9,1.1636363636363638,long
6.0,3.0,4.8,1.8,virginica,18.0,8.64,1.25,long
6.9,3.1,5.4,2.1,virginica,21.39,11.340000000000002,1.2777777777777777,long
6.7,3.1,5.6,2.4,virginica,20.77,13.44,1.1964285714285716,long
6.9,3.1,5.1,2.3,virginica,21.39,11.729999999999999,1.3529411764705883,long
6.8,3.2,5.9,2.3,virginica,21.76,13.57,1.1525423728813557,long
6.7,3.3,5.7,2.5,virginica,22.11,14.25,1.1754385964912282,long
6.7,3.0,5.2,2.3,virginica,20.1,11.959999999999999,1.2884615384615385,long
6.3,2.5,5.0,1.9,virginica,15.75,9.5,1.26,long
6.5,3.0,5.2,2.0,virginica,19.5,10.4,1.25,long
6.2,3.4,5.4,2.3,virginica,21.08,12.42,1.1481481481481481,long
5.9,3.0,5.1,1.8,virginica,17.700000000000003,9.18,1.1568627450980393,long
